{
  "timestamp": "2025-07-15T18:59:45.124Z",
  "environment": {
    "nodeVersion": "v23.9.0",
    "platform": "linux",
    "cpus": 16,
    "totalMemory": 67120611328
  },
  "summary": {
    "healthScore": 90,
    "performanceGrade": "A",
    "totalAlerts": 1,
    "anomaliesDetected": 100
  },
  "metrics": {
    "system.cpu.usage": {
      "count": 152,
      "min": 7.002487185687632,
      "max": 7.016493203017332,
      "avg": 7.008147637067811,
      "p50": 7.0078741664754975,
      "p95": 7.0159205036153525,
      "p99": 7.016380681391363
    },
    "system.memory.usage": {
      "count": 152,
      "min": 73.48565937066192,
      "max": 84.56592803457012,
      "avg": 76.11041196780897,
      "p50": 75.43609919845574,
      "p95": 83.51993803819009,
      "p99": 84.26803706480092
    },
    "system.memory.heap": {
      "count": 152,
      "min": 69.17088591048523,
      "max": 95.27722510728422,
      "avg": 89.23107656393749,
      "p50": 89.50828034519228,
      "p95": 94.2057197988237,
      "p99": 95.13615443842255
    },
    "system.load.1m": {
      "count": 152,
      "min": 4.11,
      "max": 16.61,
      "avg": 7.544144736842101,
      "p50": 6.63,
      "p95": 15.84,
      "p99": 16.61
    },
    "system.load.2m": {
      "count": 152,
      "min": 2.9,
      "max": 6.6,
      "avg": 4.134934210526318,
      "p50": 4.19,
      "p95": 6.6,
      "p99": 6.6
    },
    "system.load.3m": {
      "count": 152,
      "min": 1.89,
      "max": 3.32,
      "avg": 2.37875,
      "p50": 2.41,
      "p95": 3.31,
      "p99": 3.32
    },
    "mcp.tool.create-session": {
      "count": 50,
      "min": 39.35717999999997,
      "max": 56.08363100000042,
      "avg": 44.88568688000006,
      "p50": 43.78709299999991,
      "p95": 54.312519000000066,
      "p99": 56.08363100000042
    },
    "mcp.tool.list-tools": {
      "count": 50,
      "min": 0.21309699999983422,
      "max": 2.9167149999993853,
      "avg": 0.5658348799999657,
      "p50": 0.5472549999994953,
      "p95": 0.9487630000003264,
      "p99": 2.9167149999993853
    },
    "mcp.tool.get-server-info": {
      "count": 50,
      "min": 0.13958000000002357,
      "max": 0.5504409999994095,
      "avg": 0.18621076000004905,
      "p50": 0.16632799999933923,
      "p95": 0.3590360000007422,
      "p99": 0.5504409999994095
    },
    "concurrent.operation.error": {
      "count": 1474,
      "min": 0.030274000004283153,
      "max": 0.2592770000046585,
      "avg": 0.07760913636350752,
      "p50": 0.0749130000040168,
      "p95": 0.11055599999963306,
      "p99": 0.15606799999659415
    },
    "session.create.batch": {
      "count": 4,
      "min": 0.031128000002354383,
      "max": 0.0983470000064699,
      "avg": 0.060977750003075926,
      "p50": 0.05402399999729823,
      "p95": 0.0983470000064699,
      "p99": 0.0983470000064699
    },
    "session.create.avg": {
      "count": 4,
      "min": 0.004917350000323495,
      "max": 0.06041200000618119,
      "avg": 0.019239337501676345,
      "p50": 0.005402399999729824,
      "p95": 0.06041200000618119,
      "p99": 0.06041200000618119
    }
  },
  "slaCompliance": {},
  "alerts": [
    {
      "metric": "system.memory.usage",
      "severity": "warning",
      "value": 82.15588238094064,
      "threshold": 80,
      "message": "Memory usage exceeds warning threshold"
    }
  ],
  "anomalies": [
    {
      "metric": "system.memory.usage",
      "timestamp": "2025-07-15T18:59:16.547Z",
      "value": 78.21763743993056,
      "expectedRange": [72.32447034891014, 77.72018748320274],
      "severity": "low"
    },
    {
      "metric": "system.memory.usage",
      "timestamp": "2025-07-15T18:59:17.548Z",
      "value": 78.39938663080706,
      "expectedRange": [72.25061416515292, 77.86855540404112],
      "severity": "low"
    },
    {
      "metric": "system.memory.usage",
      "timestamp": "2025-07-15T18:59:18.548Z",
      "value": 78.19899446312742,
      "expectedRange": [72.18811269107255, 78.01957507452119],
      "severity": "low"
    },
    {
      "metric": "system.memory.usage",
      "timestamp": "2025-07-15T18:59:19.548Z",
      "value": 78.18696653930452,
      "expectedRange": [72.14445460331557, 78.14768041601822],
      "severity": "low"
    },
    {
      "metric": "system.memory.usage",
      "timestamp": "2025-07-15T18:59:29.556Z",
      "value": 79.32627516130599,
      "expectedRange": [72.09681624144952, 79.04305880971947],
      "severity": "low"
    },
    {
      "metric": "system.memory.usage",
      "timestamp": "2025-07-15T18:59:30.559Z",
      "value": 82.15588238094064,
      "expectedRange": [72.0706310916183, 79.18571881002244],
      "severity": "high"
    },
    {
      "metric": "system.memory.usage",
      "timestamp": "2025-07-15T18:59:31.561Z",
      "value": 84.26803706480092,
      "expectedRange": [71.84272898447304, 79.5865680599652],
      "severity": "high"
    },
    {
      "metric": "system.memory.usage",
      "timestamp": "2025-07-15T18:59:32.559Z",
      "value": 84.56592803457012,
      "expectedRange": [71.4215906739776, 80.2125649193914],
      "severity": "high"
    },
    {
      "metric": "system.memory.usage",
      "timestamp": "2025-07-15T18:59:33.559Z",
      "value": 83.25129609880302,
      "expectedRange": [71.02091403611693, 80.81104433445147],
      "severity": "medium"
    },
    {
      "metric": "system.memory.usage",
      "timestamp": "2025-07-15T18:59:34.559Z",
      "value": 83.44350488452095,
      "expectedRange": [70.77534345866971, 81.21681099085657],
      "severity": "medium"
    }
  ],
  "recommendations": [],
  "testConfig": {
    "baseUrl": "http://localhost:3000",
    "testDuration": "30s",
    "warmupDuration": "5s",
    "targetConcurrency": 10,
    "maxSessions": 20,
    "slaTargets": {
      "mcp.tool.response.p95": 200,
      "browser.command.p95": 500,
      "session.create.p95": 2000,
      "concurrent.throughput": 50
    },
    "outputDir": "/home/william/git/puppeteer-mcp/performance-results"
  },
  "cicd": {
    "pass": true,
    "failureReasons": []
  }
}
